rgn_id,year,pressure_score
25,2012,0.271626261
25,2013,0.289252404
25,2014,0.28995222
25,2015,0.185379368
25,2016,0.241294523
25,2017,0.214121626
