rgn_id,habitat,year,trend
25,mangrove,2012,-0.013761
25,mangrove,2013,-0.014541
25,mangrove,2014,-0.014174
25,mangrove,2015,-0.012164
