rgn_id,year,product,weight
25,2016,corals,0.001898883
25,2016,fish_oil,0.40848136
25,2016,ornamentals,0.417271606
25,2016,seaweeds,0.048991179
25,2016,shells,0.123356972
