rgn_id,year,pressure_score
25,2012,0.233190406
25,2013,0.233574627
25,2014,0.234788085
25,2015,0.23293832
25,2016,0.230472884
