rgn_id,year,pressure_score
25,2012,0.294405537
25,2013,0.297147387
25,2014,0.305207885
25,2015,0.291861253
25,2016,0.27514109
