rgn_id,year,pressure_score
25,2012,0.186900585
25,2013,0.21195009
25,2014,0.215736323
25,2015,0.201623547
25,2016,0.20472056
