rgn_id,year,pressure_score
25,2012,0.029201897
25,2013,0.033542631
25,2014,0.034171307
25,2015,0.032136933
25,2016,0.03252013
