rgn_id,year,resilience_score
25,2014,0.676566667
25,2015,0.66055
25,2016,0.662075
25,2017,0.663141667
25,2018,0.665416667
25,2019,0.674716667
