rgn_id,year,score
25,2012,0.890311971
25,2013,0.888261407
25,2014,0.886210842
25,2015,0.884160277
25,2016,0.882109713
25,2017,0.880059148
25,2018,0.878008583
25,2019,0.875958019
