rgn_id,year,score
25,2012,0.885205866
25,2013,0.883114159
25,2014,0.881022452
25,2015,0.878930746
25,2016,0.876839039
25,2017,0.874747332
25,2018,0.872655625
25,2019,0.870563919
