rgn_id,year,pressure_score
25,2014,0.323433333
25,2015,0.33945
25,2016,0.337925
25,2017,0.336858333
25,2018,0.334583333
25,2019,0.325283333
